id,name,flight_id
1,John Doe,101
2,Jane Smith,102
3,Mike Johnson,103
4,Sarah Davis,104
5,Emily Brown,105
6,James Wilson,106
7,Olivia Miller,107
8,Liam Jones,108
9,Emma Garcia,109
10,Noah Martinez,110
11,Charlotte Robinson,111
12,Benjamin Clark,112
13,Amelia Rodriguez,113
14,Lucas Lewis,114
15,Evelyn Lee,115
16,Henry Walker,116
17,Abigail Hall,117
18,Alexander Allen,118
19,Sophia Young,119
20,William King,120
21,Isabella Wright,121
22,Jack Scott,122
23,Harper Adams,123
24,Elijah Baker,124
25,Chloe Nelson,125
26,Daniel Carter,126
27,Mia Mitchell,127
28,Matthew Perez,128
29,Ella Roberts,129
30,Ethan Turner,130
31,Ava Phillips,101
32,Jacob Campbell,102
33,Aurora Parker,103
34,Michael Evans,104
35,Sophia Edwards,105
36,Samuel Collins,106
37,Grace Stewart,107
38,Andrew Sanchez,108
39,Zoe Morris,109
40,David Rogers,110
41,Lillian Reed,111
42,Joshua Cook,112
43,Scarlett Morgan,113
44,Ryan Bell,114
45,Victoria Rivera,115
46,Nathan Kelly,116
47,Luna Howard,117
48,Dylan Ward,118
49,Hannah Cox,119
50,Caleb Diaz,120
51,Madison Richardson,121
52,Owen Bailey,122
53,Leah Cooper,123
54,Julian Hernandez,124
55,Aria Murphy,125
56,Christopher Gray,126
57,Nora Flores,127
58,Thomas Perry,128
59,Ellie Nguyen,129
60,Isaiah Ramirez,130
61,Layla Sanders,101
62,Anthony Price,102
63,Penelope Foster,103
64,Aiden Brooks,104
65,Sofia Bennett,105
66,Eli Peterson,106
67,Avery Simmons,107
68,Josiah Bryant,108
69,Elliana James,109
70,Sebastian Griffin,110
71,Lucy Hill,111
72,Adam Torres,112
73,Riley Rivera,113
74,Zachary Butler,114
75,Stella Ortiz,115
76,Charles Jenkins,116
77,Violet Scott,117
78,Jonathan Russell,118
79,Elena Patterson,119
80,Levi Long,120
81,Eleanor Hughes,121
82,Isaac Foster,122
83,Zoey Bennett,123
84,Landon Gray,124
85,Caroline Simmons,125
86,Connor Hayes,126
87,Samantha Adams,127
88,Christian Jenkins,128
89,Everly Brooks,129
90,Aaron Peterson,130
91,Natalie Simmons,101
92,Cameron Lopez,102
93,Lila Flores,103
94,Benjamin Ross,104
95,Alice Powell,105
96,Kai Ward,106
97,Hailey Rivera,107
98,Luke Diaz,108
99,Mila Collins,109
100,Alexander Cooper,110
